user_id,name,email,age,gender,height_cm,weight_kg,created_at
1,Christopher Greer,millerangela@example.com,35,Male,156,55,2026-01-25
2,Sheryl Phillips,cassandra67@example.org,32,Male,156,63,2026-02-16
3,Caroline Brooks,tarathornton@example.org,55,Female,191,79,2026-02-26
4,Cameron Daniel,evangreen@example.net,49,Male,191,104,2026-03-03
5,Jerry Taylor,morganjohnson@example.org,41,Female,160,65,2026-03-07
6,Diane Williams,ybrown@example.net,19,Male,194,102,2026-01-24
7,Elizabeth Macias,dvasquez@example.org,29,Male,156,52,2026-01-14
8,Michelle Montgomery,vmoody@example.net,26,Male,169,85,2026-02-22
9,Michael Newman,pinedasheila@example.net,54,Female,162,85,2026-01-06
10,Randy Gilbert,carolynsmith@example.com,23,Male,180,71,2026-01-15
11,Alice Gordon,wlewis@example.com,51,Female,181,102,2026-02-23
12,Lisa May,deannafrye@example.org,18,Female,182,57,2026-02-01
13,Alice Kennedy,hrios@example.org,60,Male,189,108,2026-02-22
14,Christopher Bean,wward@example.org,33,Female,179,56,2026-03-06
15,Gregory Campbell,samantha16@example.org,54,Female,187,51,2026-01-25
16,Dr. Angela Fernandez,simonnicholas@example.net,38,Male,163,51,2026-01-06
17,Bryce Johnson,medinajessica@example.net,23,Female,192,61,2026-02-05
18,Austin Walker,daniel73@example.net,54,Male,175,105,2026-01-12
19,Marcus Mcdonald,markbaker@example.com,51,Female,152,100,2026-02-09
20,Holly Wood,qhughes@example.org,34,Female,191,100,2026-01-11
21,Jamie Grant,michelletorres@example.org,49,Female,159,82,2026-02-16
22,Melissa Johnson,franciscoshaw@example.com,40,Male,188,66,2026-01-24
23,Kevin Guerra,dianeberg@example.com,54,Male,181,97,2026-03-04
24,Laurie Campbell,williamsnicole@example.com,26,Male,189,63,2026-02-19
25,Christopher Davis,maria25@example.org,54,Female,176,97,2026-01-29
26,Rita Smith,sperez@example.org,39,Female,191,52,2026-03-04
27,Beth Villanueva,steven45@example.net,23,Female,195,82,2026-02-01
28,Michelle Rodriguez,hendersonrichard@example.org,18,Male,178,59,2026-02-28
29,Theresa Palmer,morriscourtney@example.org,58,Male,160,109,2026-02-10
30,Daniel Johnson,aprilroberts@example.org,27,Male,163,67,2026-01-30
31,Crystal Castillo,anitamahoney@example.net,25,Male,184,71,2026-02-19
32,Andre Mcgee,vparker@example.com,59,Female,181,92,2026-03-01
33,Amanda Nguyen,brooke19@example.org,55,Female,151,58,2026-02-22
34,Tiffany Scott,rodriguezryan@example.net,50,Female,186,102,2026-01-01
35,Michael Sullivan,nicholas86@example.net,55,Female,188,101,2026-02-08
36,Kristy Orozco,arnolddakota@example.org,19,Female,152,77,2026-02-28
37,Julia Brown,dkoch@example.org,58,Male,188,58,2026-01-20
38,Michael Gonzalez,millertheresa@example.com,28,Female,161,83,2026-02-05
39,Curtis Zamora,garrisonemily@example.net,39,Female,159,84,2026-01-30
40,Angela Young,reynoldsteresa@example.org,25,Female,172,72,2026-02-02
41,Katherine Hardy,brittanysanchez@example.com,57,Female,163,69,2026-02-14
42,Hannah Reid,uschmitt@example.org,40,Male,164,96,2026-02-23
43,James Bradford,hartkeith@example.com,36,Female,195,73,2026-01-24
44,Jonathan Gamble,underwoodmary@example.com,22,Female,179,110,2026-01-18
45,Angela Rogers,smartinez@example.com,59,Male,180,70,2026-01-22
46,Melissa Page,griffithsarah@example.org,39,Male,152,59,2026-01-15
47,Kelly Meza,vjohnson@example.net,24,Male,160,75,2026-01-01
48,Alexis Rios,zsantiago@example.com,53,Female,176,70,2026-03-03
49,Lisa Williams,hcasey@example.org,51,Female,190,108,2026-03-09
50,Tammy Rubio,jennifer71@example.net,56,Female,189,83,2026-01-07
51,John Roberts,monica67@example.com,55,Female,151,100,2026-03-05
52,Mrs. Nicole Reyes MD,jenniferhess@example.org,55,Female,171,109,2026-01-30
53,Matthew Hall,soliver@example.org,41,Female,155,65,2026-03-10
54,Brian Stanton,brownandrew@example.net,44,Male,161,81,2026-01-18
55,Maria Gray,sandrapope@example.org,51,Female,166,109,2026-01-31
56,Kevin Clayton,bradrussell@example.net,28,Female,190,80,2026-02-26
57,Tristan Garcia,johnsondouglas@example.net,42,Male,163,99,2026-01-17
58,Robert French,tbrooks@example.org,37,Female,168,88,2026-01-07
59,Jennifer Shelton,tylerchavez@example.net,24,Male,169,63,2026-01-17
60,Paul Mills,brandy90@example.net,29,Male,165,93,2026-01-10
61,Donald Anderson,madisonbailey@example.com,28,Female,178,78,2026-03-01
62,Jasmine Shepard,lewisryan@example.org,24,Male,165,56,2026-02-05
63,Jodi Donovan,caroledwards@example.com,28,Male,162,83,2026-02-18
64,Thomas Smith,dnorris@example.com,51,Female,164,55,2026-02-11
65,Michelle Williams,seth27@example.com,52,Male,156,64,2026-01-14
66,Jeffrey Garcia,xmcdowell@example.com,41,Male,179,101,2026-01-18
67,Nichole Burton,ucampos@example.net,36,Male,156,78,2026-02-18
68,James Williams,allison52@example.org,52,Male,150,91,2026-01-02
69,Robert Tran,nsalazar@example.org,50,Male,159,108,2026-01-24
70,Shannon Oliver,phillip67@example.org,36,Male,193,80,2026-01-07
71,Chelsea Hayes,evanswilliam@example.org,32,Male,156,82,2026-03-01
72,Larry Davis,hcampbell@example.net,56,Male,163,90,2026-01-26
73,Krista Singh,bryantcindy@example.net,23,Male,168,96,2026-02-16
74,Tony Rogers,robertsmichael@example.net,48,Male,185,76,2026-03-03
75,Linda Harmon,margaret68@example.com,23,Male,161,95,2026-02-20
76,Jackie Bishop,seth15@example.net,52,Female,174,97,2026-01-19
77,Mark Mccarthy,harrischristopher@example.org,55,Female,184,52,2026-03-06
78,Joshua Martinez,melissagallagher@example.net,60,Male,175,83,2026-01-27
79,Lisa Foster,kevinmarquez@example.org,20,Male,153,66,2026-01-21
80,Jessica Ramirez,brandonmedina@example.com,52,Female,163,52,2026-03-04
81,James Ward,bradleyjensen@example.com,56,Female,160,104,2026-02-20
82,Kevin Moyer,stewartbrenda@example.org,52,Female,191,52,2026-02-26
83,Joel Fowler,jacqueline12@example.net,51,Female,193,79,2026-03-03
84,Logan Morrison,andrewberg@example.org,18,Male,153,51,2026-01-08
85,Michael Romero,qgilbert@example.org,23,Male,184,70,2026-01-02
86,Ruth Garcia,nancy35@example.com,51,Male,167,87,2026-02-18
87,Alison Ellis,fmartinez@example.net,34,Female,177,98,2026-02-07
88,Frank Clark,tammy52@example.net,20,Female,190,109,2026-01-08
89,Erin Jones,lawsoneric@example.com,48,Female,188,88,2026-02-13
90,Jamie Rivera,norrisjohn@example.com,48,Female,157,53,2026-02-10
91,Madison Hansen,kaylatyler@example.org,30,Male,172,96,2026-02-17
92,James Ramirez,tina46@example.com,55,Male,173,106,2026-03-08
93,Eric Palmer,jasonmercer@example.com,18,Male,172,93,2026-03-02
94,Jose Brewer,garciatracey@example.org,49,Male,161,62,2026-02-17
95,Susan Velasquez,hernandezjimmy@example.org,42,Male,167,99,2026-02-28
96,Kathy Walker,qhenson@example.com,18,Female,151,100,2026-02-24
97,Adam Nicholson,cmoore@example.net,22,Male,187,50,2026-01-13
98,Todd Frye,travishill@example.net,41,Female,158,72,2026-02-25
99,Rebekah Meyer,jason17@example.org,53,Male,168,61,2026-03-06
100,Megan Castillo,scott56@example.com,58,Male,160,105,2026-02-10
